"row_id","pattern","domain","category","assistant","judge","cached_query","cached_response","new_query","decision","notes"
"r_00009","A: template/non-answer (same intent)","customer_support","paraphrase","hit","miss","i want help seeing what payment methods uaccept","Of course! I'm here to assist you in seeing the payment methods we accept. To provide you with an up-to-date list, could you please specify the region or country you are in? This will ensure that I provide you with accurate information for your location. Your satisfaction is our top priority, and we want to make sure you have all the information you need.","see the allowed payment options","",""
"r_00010","A: template/non-answer (same intent)","customer_support","paraphrase","hit","miss","I call to see when my parcel is going to arrive","We appreciate your enthusiasm to learn more about the status and estimated delivery time of your parcel. To provide you with accurate information, could you please share the tracking number or order number associated with your purchase? With this information, we will be able to track your parcel and give you a precise update on its arrival. Thank you for your cooperation in this matter.","how can I check how long it takes for the package to arrive?","",""
"r_00015","A: template/non-answer (same intent)","customer_support","paraphrase","hit","miss","where can I ask for restitutions of my money?","I understand your desire to know where you can ask for restitutions of your money. Rest assured, I'm here to guide you through the process. To begin, may I ask if you have any specific company or service in mind that you would like to request a refund from? Providing this information will help me provide you with more accurate instructions on how and where to ask for restitutions.","want help receiving compensations","",""
"r_00017","A: template/non-answer (same intent)","customer_support","paraphrase","hit","miss","getting invoice from last month","I'm picking up what you're putting down, your need to retrieve the invoice from last month. Allow me a moment to fetch that specific invoice for you. While I gather the details, please feel free to let me know if there's anything else I can assist you with. I'm here to ensure your complete satisfaction.","get invoices from December","",""
"r_00020","A: template/non-answer (same intent)","customer_support","paraphrase","hit","miss","I do not know how I could contact [expletive] customer support","Thank you for contacting! I certainly recognize that you're unsure about how to contact our customer support team. I apologize for any frustration or difficulties you may have experienced. Our customer support team is available to assist you. May I ask how I can be of help?","I am trying to speak to [expletive] customer support","",""
"r_00022","A: template/non-answer (same intent)","customer_support","paraphrase","hit","miss","where can I ask for restitutions of my money?","I understand your desire to know where you can ask for restitutions of your money. Rest assured, I'm here to guide you through the process. To begin, may I ask if you have any specific company or service in mind that you would like to request a refund from? Providing this information will help me provide you with more accurate instructions on how and where to ask for restitutions.","how could I obtain rebates?","",""
"r_00028","A: template/non-answer (same intent)","customer_support","paraphrase","hit","miss","I ain't registered, can I create a standard account?","Thank you for your interest in creating a standard account with us! Even if you're not currently registered, you can definitely proceed with opening a standard account. Our registration process is designed to be seamless and user-friendly. To get started, all you need to do is provide some basic information. I'll be here to guide you every step of the way. Shall we begin?","I need a user","",""
"r_00029","A: template/non-answer (same intent)","customer_support","paraphrase","hit","miss","can I talk with someone?","Thank you for contacting! I certainly recognize that you're looking to talk with someone and seek personalized assistance. Your request is important to us, and we're here to help. Let me connect you with one of our knowledgeable human representatives who can address your concerns with expertise and empathy. Please bear with me for a moment while I transfer you.","I want to chat with an assistant","",""
"r_00031","A: template/non-answer (same intent)","customer_support","paraphrase","hit","miss","could you help me leaving my feedback?","Indeed! I'm here to assist you in leaving your feedback. Your opinions and experiences are incredibly valuable to us, and we appreciate you taking the time to share them. Whether you have positive feedback or areas for improvement, we want to hear it all. Please let me know the specific product or service you would like to leave feedback for, and I'll guide you through the process step by step.","do you have an e-mai to send a review about a service?","",""
"r_00044","A: template/non-answer (same intent)","customer_support","paraphrase","hit","miss","I don't know hwat to do to earn several items","Thank you for expressing your interest in earning several items from us! I understand that you might be unsure about the process, but don't worry, I'm here to guide you step by step. To get started, could you please let me know which items you are interested in earning? Once I have that information, I can assist you further in achieving your goal.","want assistance purchasing some of ur product","",""
"r_00052","A: template/non-answer (same intent)","customer_support","paraphrase","hit","miss","termination fees","I'm happy to help! I can help you with checking the termination fees. To provide you with accurate information, could you please provide me with the details of your account or service agreement?","how to see the cancellation fees?","",""
"r_00056","A: template/non-answer (same intent)","customer_support","paraphrase","hit","miss","help  me report signup problems","Thank you for seeking assistance in reporting signup problems. We understand how frustrating it can be to encounter issues during the signup process, and we're here to help. Could you please provide us with more details about the specific problems you're experiencing? Your feedback will assist us in resolving the issue promptly and ensuring a smoother signup experience for you and other users.","have a questoon about creating user profiles","",""
"r_00068","A: template/non-answer (same intent)","customer_support","paraphrase","hit","miss","help with payments","I'm here to assist you with any issues or questions you have regarding payments. Whether you're experiencing difficulties making a payment or need clarification on a payment process, I'm here to guide you through it. Please let me know the specific payment issue or question you have, and I'll do my best to provide you with a solution or clarification.","where could I inform of [expletive] issues with payment?","",""
"r_00072","A: template/non-answer (same intent)","customer_support","paraphrase","hit","miss","I have to see the [expletive] compensation status, can you help me?","I'm with you, your urgency in wanting to know the status of your compensation. Rest assured, I'm here to help you with that. Allow me a moment to check the current status of your compensation, and I'll provide you with an update right away. Thank you for your patience and for reaching out to us.","I need to see if there is anything new on the compensation","",""
"r_00077","A: template/non-answer (same intent)","customer_support","paraphrase","hit","miss","i have got to write an opinion","Thank you for expressing your desire to share your opinion! We greatly appreciate your feedback as it helps us understand our customers' experiences and continuously improve our services. Please feel free to share any specific details or insights you would like to provide in your opinion. We value your perspective and look forward to hearing from you.","is it possible to leave a comment about a service ?","",""
"r_00102","A: template/non-answer (same intent)","customer_support","paraphrase","hit","miss","I need to check how long it takes for my shipment to arrive","We understand your eagerness to know the estimated time it will take for your shipment to arrive. To provide you with the most accurate information, could you please provide us with the tracking number or order number? With this information, we will be able to give you a precise estimate of your shipment's delivery date. Thank you for your understanding and cooperation in this matter.","where can i check how soon can i expect my product","",""
"r_00104","A: template/non-answer (same intent)","customer_support","paraphrase","hit","miss","editing user data","How extraordinary it is to witness your intention to edit your user data! Your commitment to personalization and optimization is truly admirable. To assist you with this, please provide me with the specific details you would like to modify on your user account. Together, we will ensure that your account reflects the most accurate and up-to-date information.","edit details on premium account","",""
"r_00112","A: template/non-answer (same intent)","customer_support","paraphrase","hit","miss","where can i ask for compensations of money","I've realized that you're looking for information on where you can ask for compensations of money. To better assist you, could you please provide more details about the specific situation or company you're dealing with? This will allow me to provide you with accurate and tailored guidance on the appropriate channels or methods for requesting compensation.","how could I obtain rebates?","",""
"r_00121","A: template/non-answer (same intent)","customer_support","paraphrase","hit","miss","I am trying to shop something","Thank you for expressing your interest in shopping with us! I'm here to assist you in finding the perfect items. Could you please let me know what you are looking for? Whether it's clothing, electronics, or any other specific category, I'll provide you with recommendations tailored to your preferences. Let's make your shopping experience enjoyable and hassle-free!","i have got to acquire a few of u article","",""
"r_00129","A: template/non-answer (same intent)","customer_support","paraphrase","hit","miss","I need supports trying to update my shipping address","Sure! I'm here to help you update your shipping address. Please provide me with the details of the new address and I'll guide you through the process.","there is an issue trying to correct the address","",""
"r_00130","A: template/non-answer (same intent)","customer_support","paraphrase","hit","miss","I need a user","That's great! I'm here to help you create a new user. To get started, could you please provide me with some basic information such as the user's full name, email address, and a preferred username? Once I have these details, I can assist you in setting up the user account. Rest assured, the information you provide will be kept confidential and secure.","i have a question about creating a freemium account","",""
"r_00137","A: template/non-answer (same intent)","customer_support","paraphrase","hit","miss","I have to see my bill, help me","I'll do my best! I'm here to assist you in viewing your bill. Could you please provide me with any relevant details such as the bill number, client name, or date range? This information will help me locate and generate your bill promptly. Rest assured, I'll guide you every step of the way to ensure you have a seamless experience.","checking invoice from last month","",""
"r_00140","A: template/non-answer (same intent)","customer_support","paraphrase","hit","miss","I try to change the [expletive] personal details","We understand that you're frustrated. We apologize for any inconvenience caused. In order to assist you with changing your personal details, could you please provide more information about the specific details you would like to modify? We are here to help and ensure that your personal information is accurate and up-to-date.","change data on gold account","",""
"r_00150","A: template/non-answer (same intent)","customer_support","paraphrase","hit","miss","i have got to see when mh delivery is gonna arrive","We understand your eagerness to know when your delivery will arrive. To provide you with an accurate update, please provide us with the tracking number or order number associated with your shipment. With that information, we can give you the most up-to-date estimate of your delivery date. Thank you for your cooperation and patience as we assist you.","is it possible to check how long the shipment takes?","",""
"r_00156","A: template/non-answer (same intent)","customer_support","paraphrase","hit","miss","i have a question about creating a freemium account","Thank you for reaching out with your inquiry about creating a freemium account. I'm here to provide you with all the information you need. Please feel free to ask me any questions you have, and I'll be happy to assist you in the process of setting up your freemium account. Let's get started!","open another freemium account","",""
"r_00159","A: template/non-answer (same intent)","customer_support","paraphrase","hit","miss","i want help leaving a comment about ur company","Indeed! I would be delighted to assist you in crafting a thoughtful comment about our company. Your feedback is an essential part of our growth and improvement. May I ask if there is a specific aspect of our company or a particular experience you would like to highlight in your comment? This will help me provide you with more tailored assistance.","I'm calling to leave a comment about a service","",""
"r_00162","A: template/non-answer (same intent)","customer_support","paraphrase","hit","miss","is it possible to see the cancellation fees?","I'll make it happen! I can provide you with information on the cancellation fees. Please give me a moment to check that for you.","help seeing the early termination fee","",""
"r_00164","A: template/non-answer (same intent)","customer_support","paraphrase","hit","miss","I have a queston about the payment","Grateful you reached out with your question about the payment. I'm here to assist you. Please go ahead and let me know what specific question you have, and I'll provide you with the necessary information or guidance to address your concerns.","wantr help to solve issues with payment","",""
"r_00166","A: template/non-answer (same intent)","customer_support","paraphrase","hit","miss","I'd like to track purchase {{Order Number}} i need assistance","We're here for you to us for assistance with tracking your purchase. I understand the importance of staying updated on the status of your order. To help you with this, could you please provide me with your order number or any other relevant information about the purchase? Once I have that, I will be able to provide you with the latest information regarding your order.","check my last parcel eta","",""
"r_00167","A: template/non-answer (same intent)","customer_support","paraphrase","hit","miss","I'm trying to correct the info included on my profile","Your determination to correct the information included on your profile is truly inspiring! Making sure that your profile accurately reflects your details and preferences is essential for a personalized experience. I'm here to assist you in this process. Could you please provide me with more specific information about the corrections you would like to make?","correcting information on freemium account","",""
"r_00168","A: template/non-answer (same intent)","customer_support","paraphrase","hit","miss","check the cancellation penalties","Sure! To check the cancellation penalties, you can log in to your account and navigate to the ""Cancellation Policy"" section. There, you will find detailed information about the applicable fees and charges for canceling your service.","I am tring to see the early exit penalty","",""
"r_00169","A: template/non-answer (same intent)","customer_support","paraphrase","hit","miss","i have a question about creating a freemium account","Thank you for reaching out with your inquiry about creating a freemium account. I'm here to provide you with all the information you need. Please feel free to ask me any questions you have, and I'll be happy to assist you in the process of setting up your freemium account. Let's get started!","I need a user","",""
"r_00175","A: template/non-answer (same intent)","customer_support","paraphrase","hit","miss","can I speak with a person ?","Thank you for reaching out! I appreciate your request to speak with a person. Rest assured, I'll connect you with one of our dedicated human representatives who will be more than happy to assist you further. Kindly stay with me for just a moment while I make the necessary arrangements for you. We're here to provide the personalized support you need.","I cannot speak to a [expletive] live agent","",""
"r_00176","A: template/non-answer (same intent)","customer_support","paraphrase","hit","miss","help to see how soon can i expect the [expletive] roder","We understand your eagerness to know when you can expect your order to arrive. To provide you with an accurate estimate, may we please have the order number or tracking number? With that information, we will be able to give you the most up-to-date delivery details. We appreciate your patience and understanding.","is it possible to check how long the shipment takes?","",""
"r_00177","A: template/non-answer (same intent)","customer_support","paraphrase","hit","miss","check invoice from last month","Thank you for reaching out! I understand your need to check the invoice from last month. To assist you further, could you please provide me with your account details or any specific information related to the invoice such as the client name or invoice number? With this information, I will be able to locate the invoice for you promptly and provide you with the necessary details.","check invoices","",""
"r_00182","A: template/non-answer (same intent)","customer_support","paraphrase","hit","miss","I want to retrieve the [expletive] key of my user, I need help","No worries at all! I'm here to provide the necessary assistance to retrieve the key of your user account. Let's tackle this together and get you back on track!","question about a forgotten key","",""
"r_00183","A: template/non-answer (same intent)","customer_support","paraphrase","hit","miss","getting invoices from last month","I completely understand your need to access invoices from last month. To retrieve the invoices from the previous month, you can go to your account dashboard and navigate to the ""Invoices"" section. From there, you'll be able to filter the invoices by date and select the desired month. If you need any further assistance or have any other questions, please feel free to let me know. I'm here to help!","getting invoice from January","",""
"r_00193","A: template/non-answer (same intent)","customer_support","paraphrase","hit","miss","assistance to contact somebody","Thank you for reaching out! I completely understand that you need assistance to contact somebody. I'm here to help you with that. Could you please provide some more information about the person you want to contact and the reason for your communication? This will help me guide you better and provide the most effective solution.","I have to talk with a person","",""
"r_00200","A: template/non-answer (same intent)","customer_support","paraphrase","hit","miss","I have problems with the shipment methods","Oh, I'm sorry to hear that you're experiencing difficulties with our shipment methods. I'm here to assist you and find a solution to your problem. Could you please provide me with some more details about the issues you're facing? Once I have a better understanding, I'll do my best to help you resolve them and ensure your satisfaction.","assistance checking what [expletive] shipping methods I have","",""
"r_00206","A: template/non-answer (same intent)","customer_support","paraphrase","hit","miss","check invoices from last purchase","I realized that you want to check the invoices from your last purchase. To assist you further, could you please provide me with the order number or any other relevant information related to the purchase? This will help me locate the invoices more efficiently and provide you with the necessary details.","check invoice","",""
"r_00208","A: template/non-answer (same intent)","customer_support","paraphrase","hit","miss","I'd like to track purchase {{Order Number}} i need assistance","We're here for you to us for assistance with tracking your purchase. I understand the importance of staying updated on the status of your order. To help you with this, could you please provide me with your order number or any other relevant information about the purchase? Once I have that, I will be able to provide you with the latest information regarding your order.","i have to see the [expletive] ETA of my delivery helpme","",""
"r_00210","A: template/non-answer (same intent)","customer_support","paraphrase","hit","miss","status of order","I see what you mean! I'm on the same page that you would like to know the status of your order. To assist you further, could you please provide me with the order number? Once I have the order number, I will be able to check the status and provide you with the relevant information.","i have to see the [expletive] ETA of my delivery helpme","",""
"r_00211","A: template/non-answer (same intent)","customer_support","paraphrase","miss","hit","I cannot report problems with sign-up","We understand that you are unable to report any problems with the sign-up process. We apologize for any inconvenience this may cause. If you have any questions or need assistance with any other issues, please feel free to let us know. We are here to help ensure you have a seamless experience.","i want assistance notifying of an registration issue","",""
"r_00214","A: template/non-answer (same intent)","customer_support","paraphrase","hit","miss","want help receiving compensations","I've understood you are seeking assistance with receiving compensations. I'm here to help you with that. In order to provide you with the most accurate guidance, could you please provide me with some more information about the specific situation where you are seeking compensation? This will help me understand the details and work towards finding the most suitable solution for you.","where can I ask for restitutions of my money?","",""
"r_00218","A: template/non-answer (same intent)","customer_support","paraphrase","hit","miss","I need to edit my [expletive] user, will you help me?","How empowering it is to witness your determination to edit your user information!I'm here to offer my full support and guidance throughout this process. Rest assured, I'll assist you in every step to ensure a seamless and satisfactory experience. Let's dive in and make the necessary changes together!","editing data on pro account","",""
"r_00220","A: template/non-answer (same intent)","customer_support","paraphrase","hit","miss","help with creating my standard account","I'm here to assist you in creating your standard account. To get started, could you please provide me with your full name, email address, and a preferred username? Once I have this information, I'll guide you through the process and make sure you have all the necessary details. Rest assured, your privacy and security are our top priorities, so any information you share will be securely handled.","I ain't registered, can I create a standard account?","",""
"r_00227","A: template/non-answer (same intent)","customer_support","paraphrase","hit","miss","I need to buy an aricle","Thank you for reaching out! I'm glad to assist you with your purchase. To help me better understand your requirements, could you please provide more details about the specific article you are interested in? This will enable me to guide you through the process and ensure a seamless shopping experience.","I do not know how to buy several of your product","",""
"r_00234","A: template/non-answer (same intent)","customer_support","paraphrase","hit","miss","can you help me check the rebate current status?","I'll take care of it! I'm here to assist you in checking the current status of your rebate. It's natural to want to stay informed about the progress of your reimbursement. To provide you with an accurate update, could you please provide me with your rebate reference number or any other information related to your rebate? Once I have that, I'll be able to quickly track down the details for you.","want help seeing the refund status","",""
"r_00248","A: template/non-answer (same intent)","customer_support","paraphrase","hit","miss","get invoice from November","Sure! I completely understand your need to obtain the invoice from November. Give me a moment while I access our system and retrieve that for you. In the meantime, feel free to let me know if there's anything else I can assist you with.","getting invoice from last month","",""
"r_00263","A: template/non-answer (same intent)","customer_support","paraphrase","hit","miss","I have got to file a reclamation","I'm sorry to hear that you need to file a reclamation. It's important for us to address your concerns and resolve any issues. Could you please provide me with more details about the reclamation you would like to file? This will help us understand the situation better and ensure that we provide you with the appropriate assistance to resolve the matter.","making customer claim","",""
"r_00270","A: template/non-answer (same intent)","customer_support","paraphrase","hit","miss","need to make a complaint","I'm sorry to hear that you have a complaint. Your feedback is of utmost importance to us, and I want to ensure that your concerns are addressed properly. Could you please provide me with more details about what happened and what specific issue you would like to file a complaint about? This will help us understand the situation better and take appropriate action to resolve it.","i want help making a claim against u company","",""
"r_00275","A: template/non-answer (same intent)","customer_support","paraphrase","hit","miss","where do I see the termination penalties?","To view the termination penalties, you can refer to your contract agreement. The details regarding the termination fees should be outlined in the terms and conditions section. If you can't locate it, I recommend reaching out to our customer support team who can provide you with the specific information related to your account.","can i see the cancellation fees","",""
"r_00278","A: template/non-answer (same intent)","customer_support","paraphrase","hit","miss","cancel order","I've realized that you're seeking assistance in canceling an order. I'll be happy to guide you through the process. Could you please provide me with the order number or any relevant details about the order you would like to cancel? With that information, I'll be able to provide you with the specific steps to cancel your order successfully.","question about canceling a [expletive] purchase","",""
"r_00284","A: template/non-answer (same intent)","customer_support","paraphrase","hit","miss","I want help to check if there are any news on the refund","Of course! I completely understand your eagerness to receive updates on the status of your refund. Allow me to assist you in checking for any new information regarding your refund. Please bear with me for a moment while I gather the details. Your patience is greatly appreciated as we work together to provide you with the most accurate and up-to-date information.","I need to see the current status of my refund","",""
"r_00287","A: template/non-answer (same intent)","customer_support","paraphrase","hit","miss","help to see how soon can i expect the [expletive] roder","We understand your eagerness to know when you can expect your order to arrive. To provide you with an accurate estimate, may we please have the order number or tracking number? With that information, we will be able to give you the most up-to-date delivery details. We appreciate your patience and understanding.","i have got to see when mh delivery is gonna arrive","",""
"r_00293","A: template/non-answer (same intent)","customer_support","paraphrase","hit","miss","can udirect ot me somebody","It's great to hear from you! I can see that you are looking for someone to direct you to the right person. I'm here to assist you in connecting with the appropriate representative who can address your needs. Could you please provide me with more information about the specific assistance you require? This will help me guide you to the right individual swiftly and efficiently.","talk to person","",""
"r_00312","A: template/non-answer (same intent)","customer_support","paraphrase","hit","miss","I have to see what hours I can call customer service","I'm on it! I'm here to assist you with that. Our dedicated customer service team is available to help you during our customer support hours. To provide you with accurate information, may I ask which time zone you are located in? This way, I can give you the precise hours when you can reach us.","i need help calling customer service","",""
"r_00326","A: template/non-answer (same intent)","customer_support","paraphrase","hit","miss","can you show me how long it takes for the article to arrive?","We understand your desire to know the estimated arrival time for your article. In order to provide you with accurate information, could you please provide us with the tracking number or order number? With that information, we can give you a precise estimate. We appreciate your cooperation in this matter.","i have got to see when mh delivery is gonna arrive","",""
"r_00331","A: template/non-answer (same intent)","customer_support","paraphrase","hit","miss","I need to see my [expletive] invoices from last year","Thank you for reaching out! I completely understand your urgency to access your invoices from last year. Rest assured, I'm here to assist you in retrieving that information. Could you please provide me with your account details, such as your account number or any other relevant information? This will help me locate and provide you with the invoices you need efficiently.","check invoices","",""
"r_00333","A: template/non-answer (same intent)","customer_support","paraphrase","hit","miss","I have to report a problem with payments","Thank you for reporting the problem you're experiencing with payments. Your feedback is invaluable in helping us improve our services. To better assist you, could you please provide more details about the specific issue you encountered? This will allow us to investigate and resolve the problem promptly. We appreciate your patience and understanding as we work towards a solution.","I want help solving payment problems","",""
"r_00336","A: template/non-answer (same intent)","customer_support","paraphrase","hit","miss","i have got to see when mh delivery is gonna arrive","We understand your eagerness to know when your delivery will arrive. To provide you with an accurate update, please provide us with the tracking number or order number associated with your shipment. With that information, we can give you the most up-to-date estimate of your delivery date. Thank you for your cooperation and patience as we assist you.","how can I check how long it takes for the package to arrive?","",""
"r_00346","A: template/non-answer (same intent)","customer_support","paraphrase","hit","miss","want help to see if there are any news on the rebate","Firstly, we want to assure you that we understand how important it is for you to stay updated on the status of your rebate. We appreciate your trust and patience throughout this process. Let me quickly check if there are any updates on your rebate for you. Rest assured, we're here to keep you informed every step of the way.","help me seeing if there are any updates on the compensation","",""
"r_00349","A: template/non-answer (same intent)","customer_support","paraphrase","hit","miss","i have to see the [expletive] ETA of my delivery helpme","It's great to hear from you! I can see that you are looking to find the estimated time of arrival (ETA) for your delivery. To assist you with this, could you please provide me with the order number or any other relevant details? With that information, I can quickly check the status of your delivery and provide you with the most accurate ETA.","order 00123842current status","",""
"r_00353","A: template/non-answer (same intent)","customer_support","paraphrase","hit","miss","wanna see how long refunds take could ya help me","I'll get right on it! I understand your curiosity about the duration of refund processing. To provide you with the most accurate information, may I please know if you're referring to refunds for a specific product or service? That way, I can guide you through the refund timeline based on your situation.","help me seeing your [expletive] money back policy","",""
"r_00358","A: template/non-answer (same intent)","customer_support","paraphrase","hit","miss","getting refund of money","I get that you're looking to get a refund of your money. Obtaining a refund can vary depending on the specific circumstances, such as the payment method used or the terms and conditions of the purchase. To assist you further, could you please provide more details about your situation? This will allow me to give you specific guidance and help ensure a successful refund process.","want help receiving compensations","",""
"r_00378","A: template/non-answer (same intent)","customer_support","paraphrase","hit","miss","order 00123842current status","Thank you for reaching out! I'm here to assist you with checking the current status of your order. To provide you with accurate information, may I kindly request you to confirm the order number for me? Once I have the order number, I'll be able to guide you on how to check the current status.","I'd like to track purchase {{Order Number}} i need assistance","",""
"r_00385","A: template/non-answer (same intent)","customer_support","paraphrase","hit","miss","can you help me to chat with an operator?","Honored to assist! I'm clued in that you're looking for assistance in chatting with an operator. Our team of dedicated operators is here to help you. Please allow me a moment to connect you with one of our skilled operators who will be happy to assist you further.","speaking with assistant","",""
"r_00389","A: template/non-answer (same intent)","customer_support","paraphrase","hit","miss","I have errors entering a new delivery address","I appreciate that you're encountering errors while entering a new delivery address, and I apologize for any inconvenience caused. To better assist you, could you please provide more information about the specific errors you are experiencing? This will help me understand the issue more clearly and provide you with the most suitable solution.","shipping addtess trouble","",""
"r_00405","A: template/non-answer (same intent)","customer_support","paraphrase","hit","miss","registration issue","Thank you for bringing up the registration issue. We understand the importance of a smooth signup process, and we apologize for any inconvenience caused. Can you please provide more details about the specific issue you're facing? This will help us better understand the problem and work towards finding a solution for you. We appreciate your patience and cooperation in resolving this matter.","I cannot open a profile, can I report [expletive] signup errors?","",""
"r_00414","A: template/non-answer (same intent)","customer_support","paraphrase","hit","miss","getting invoice from January","Of course! I understand your need to access the invoice from the month of January. Give me a moment, and I'll retrieve that invoice for you. By the way, do you have any specific details or preferences for the invoice you're looking for? Feel free to share any additional information that could help me locate the invoice more accurately.","getting invoices","",""
"r_00417","A: template/non-answer (same intent)","customer_support","paraphrase","hit","miss","I have a question about lost access keys","I'll get right on it! If you have any questions regarding lost access keys, I'm here to assist you. Whether you need guidance on recovering your access keys or if you have any concerns about the security of your keys, feel free to ask. Your account's security is of utmost importance to us, and we want to ensure that you have all the information you need to navigate through this situation smoothly.","question about a pass recovery","",""
"r_00424","A: template/non-answer (same intent)","customer_support","paraphrase","hit","miss","help m make a claim against ur company","I'm sorry to hear that you need help making a claim against our company. Please allow me to offer my assistance in resolving this matter for you. Can you provide me with the details of your claim? Your input is valuable to us, and we want to ensure that your concerns are addressed promptly and effectively.","I need assistance lodging a claim","",""
"r_00434","A: template/non-answer (same intent)","customer_support","paraphrase","hit","miss","i have to see the [expletive] ETA of my delivery helpme","It's great to hear from you! I can see that you are looking to find the estimated time of arrival (ETA) for your delivery. To assist you with this, could you please provide me with the order number or any other relevant details? With that information, I can quickly check the status of your delivery and provide you with the most accurate ETA.","I'd like to track purchase {{Order Number}} i need assistance","",""
"r_00441","A: template/non-answer (same intent)","customer_support","paraphrase","hit","miss","I have got to earn several items, how can I do it?","Thank you for your interest in earning several items from us! I'm here to help you with the process. To get started, could you please let me know which specific items you are interested in? Once I have that information, I can guide you through the steps to earn those items successfully.","help buying some of your product","",""
"r_00447","A: template/non-answer (same intent)","customer_support","paraphrase","hit","miss","help to call customer support","Your reach-out is appreciated! I'm sensing that you need assistance with calling our customer support. To provide you with the best possible help, could you please provide me with more details about the specific issue or question you have? This will enable me to guide you through the most appropriate steps to reach our customer support team.","i try to talk with customer assistance","",""
"r_00449","A: template/non-answer (same intent)","customer_support","paraphrase","hit","miss","I can't retrieve my [expletive] user access key","Oh no! I understand how frustrating it can be when you are unable to retrieve your user access key. Don't worry, I'm here to help you through this. Could you please provide me with some additional information such as your account username or email address? With that information, we can proceed with the necessary steps to recover your user access key and get you back into your account.","i need assistance restoring the pass of my profile","",""
"r_00455","A: template/non-answer (same intent)","customer_support","paraphrase","hit","miss","assistance to inform of asign-up problem","We appreciate you reaching out to us for assistance with informing us about the signup problem you encountered. Your proactive approach in notifying us allows us to address the issue promptly. Please provide us with more details about the problem so that we can better understand and resolve it for you. Our team is here to support you every step of the way and ensure a seamless signup experience.","where cn I notify of an error with registrations?","",""
"r_00461","A: template/non-answer (same intent)","customer_support","paraphrase","hit","miss","i dont know how to receive a refund of my money","I can tell that you're unsure about the process of receiving a refund for your money. Don't worry, I'm here to assist you every step of the way. To begin, may I ask if you made the purchase online or in-store? Knowing this information will help me guide you through the appropriate refund procedure.","where to get a rebate?","",""
"r_00467","A: template/non-answer (same intent)","customer_support","paraphrase","hit","miss","I have to submit a different delivery address, I need help","I understood, you're seeking assistance with submitting a different delivery address. I'm here to help guide you through the process. To ensure accurate and timely assistance, could you please provide more information on the platform or service you are using to submit the delivery address? This will help me tailor the instructions specifically to your situation.","i cant enter the secondary delivery address","",""
"r_00469","A: template/non-answer (same intent)","customer_support","paraphrase","hit","miss","checking status of order","Thank you for trusting us! I'm fully aware of you would like to check the status of your order. To assist you effectively, could you please provide me with the order number? Once I have that information, I'll be able to provide you with the most up-to-date status.","order 00123842current status","",""
"r_00474","A: template/non-answer (same intent)","customer_support","paraphrase","hit","miss","i need assistance to notify of an issue with online payment","I'm here to provide the necessary support and guidance for you to notify us about the issue you're facing with your online payment. Rest assured, we'll address your concerns promptly and work towards a resolution that satisfies you. Thank you for bringing this matter to our attention, and please provide us with the specific details of the problem so that we can better assist you in resolving it.","help with payments","",""
"r_00476","A: template/non-answer (same intent)","customer_support","paraphrase","hit","miss","where can i ask for compensations of money","I've realized that you're looking for information on where you can ask for compensations of money. To better assist you, could you please provide more details about the specific situation or company you're dealing with? This will allow me to provide you with accurate and tailored guidance on the appropriate channels or methods for requesting compensation.","i dont know how to receive a refund of my money","",""
"r_00480","A: template/non-answer (same intent)","customer_support","paraphrase","hit","miss","where can i enter a secondary shipping adcress","I've come to understand that you'd like to know where to enter your secondary shipping address. To provide accurate guidance, could you please let me know which platform or website you are using to make the shipping address entry? This information will help me tailor the instructions specifically to your situation. I'm here to assist you every step of the way.","errors entering the secondary delivery address","",""
"r_00482","A: template/non-answer (same intent)","customer_support","paraphrase","hit","miss","i have got to leave my feedback can i get some help","Positively! We are here to assist you in leaving your feedback. Your opinion is essential to us, and we deeply appreciate your willingness to share your thoughts. Please let us know the specific area or aspect you would like to provide feedback on, and we will guide you through the process step by step. Together, we can make sure your feedback is well-received and properly recorded.","is there an address to leave a comment for a service?","",""
"r_00488","A: template/non-answer (same intent)","customer_support","paraphrase","hit","miss","can you help me make a customer claim?","I appreciate your reaching out to us for assistance with making a customer claim. Rest assured, I am here to guide you through the process step by step. To start, could you please provide me with some more details about the nature of your claim? This will enable me to understand the situation better and provide you with the most relevant information and support.","I don't know what I need to dol to make a reclamation","",""
"r_00491","A: template/non-answer (same intent)","customer_support","paraphrase","hit","miss","order change","Thank you for reaching out! We understand that you need assistance with changing your order. We're here to help you with that. Could you please provide us with the order number and the specific changes you would like to make? This will allow us to process your request promptly and ensure that your order is just as you desire.","I want to add a product to my order, could I get some help?","",""
"r_00493","A: template/non-answer (same intent)","customer_support","paraphrase","hit","miss","where can i enter a secondary shipping address","I get it your need to enter a secondary shipping address. To provide you with the most accurate information, could you please let me know which platform or website you are using to set up your shipping address? Once I have this information, I'll be able to guide you through the process step-by-step. Rest assured, I'm here to ensure your experience is seamless and hassle-free!","I have errors entering a new delivery address","",""
"r_00494","A: template/non-answer (same intent)","customer_support","paraphrase","hit","miss","shipping addtess trouble","I've grasped that you're experiencing trouble with your shipping address. I'm here to assist you in resolving this issue. Could you please provide me with more details about the specific problems you're encountering? This will help me better understand the situation and provide you with the most accurate solution.","where can i enter a secondary shipping adcress","",""
"r_00495","A: template/non-answer (same intent)","customer_support","paraphrase","hit","miss","want assistance notifying of an error with payments","I'm sorry to hear that you've encountered an error with your payment. Rest assured, I'm here to assist you in notifying us about this issue. Could you please provide more details about the error you're experiencing? This will help us understand the situation better and work towards a resolution. Thank you for reaching out, and I appreciate your cooperation in helping us resolve this matter.","can ya help me to solve atrouble with payments","",""
"r_00498","A: template/non-answer (same intent)","customer_support","paraphrase","hit","miss","where to update the shipping address?","To update your shipping address, please go to your account settings and look for the ""shipping address"" section. You should be able to edit your address details there. If you're having trouble finding it, please let me know and I'll guide you through the process.","problems changing delivery address","",""
"r_00502","A: template/non-answer (same intent)","customer_support","paraphrase","hit","miss","is there a section to submit some feedback for ur company","Definitely! We appreciate your interest in providing feedback. You can easily submit your feedback through our website. Simply visit our website and navigate to the 'Contact Us' page. There, you will find a section specifically designed for leaving feedback. We value your input and look forward to hearing from you!","I want help to leave an opinion","",""
"r_00505","A: template/non-answer (same intent)","customer_support","paraphrase","hit","miss","tgell me more about a shipping address update","I'll do my best! If you need to update your shipping address, you can do so by contacting our customer support team or logging into your account and accessing the ""Shipping Address"" section. From there, you can edit your current address and save the changes. If you encounter any difficulties or have any further questions, please don't hesitate to reach out to us. We're here to help!","i chose a wrong delivery address","",""
"r_00510","A: template/non-answer (same intent)","customer_support","paraphrase","hit","miss","I don't know how to check the compensation status","I perceive that you're unsure of how to check the status of your compensation. It's important to have access to this information. Let me guide you through the process. First, could you please provide me with the details of your compensation request, such as the date it was submitted and any reference numbers you have? This will help me in assisting you further.","i want help checking if there are any news on my restitution","",""
"r_00514","A: template/non-answer (same intent)","customer_support","paraphrase","hit","miss","I call to see when my parcel is going to arrive","We appreciate your enthusiasm to learn more about the status and estimated delivery time of your parcel. To provide you with accurate information, could you please share the tracking number or order number associated with your purchase? With this information, we will be able to track your parcel and give you a precise update on its arrival. Thank you for your cooperation in this matter.","is it possible to check how long the shipment takes?","",""
"r_00518","A: template/non-answer (same intent)","customer_support","paraphrase","hit","miss","i dont know how to receive a refund of my money","I can tell that you're unsure about the process of receiving a refund for your money. Don't worry, I'm here to assist you every step of the way. To begin, may I ask if you made the purchase online or in-store? Knowing this information will help me guide you through the appropriate refund procedure.","where do i ask for a refund","",""
"r_00525","A: template/non-answer (same intent)","customer_support","paraphrase","hit","miss","question about canceling a [expletive] purchase","For sure! I understand that you have some concerns regarding canceling your purchase. I'm here to help. Can you please provide me with the order number of your purchase so that I can assist you more effectively?","cancel order","",""
"r_00526","A: template/non-answer (same intent)","customer_support","paraphrase","hit","miss","edit account","Your enthusiasm for editing your account is truly commendable!I'm here to assist you throughout the process. Together, let's explore the options and make the necessary edits to ensure your account meets your needs and preferences. What specific details would you like to update?","updating informtaion on standard account","",""
"r_00527","A: template/non-answer (same intent)","customer_support","paraphrase","hit","miss","I need to see my [expletive] invoices from last year","Thank you for reaching out! I completely understand your urgency to access your invoices from last year. Rest assured, I'm here to assist you in retrieving that information. Could you please provide me with your account details, such as your account number or any other relevant information? This will help me locate and provide you with the invoices you need efficiently.","I have to see my bill, help me","",""
"r_00528","A: template/non-answer (same intent)","customer_support","paraphrase","hit","miss","I have got to acquire several of your article","I appreciate your interest in acquiring several of our articles! That shows enthusiasm and a desire to explore our offerings. To help you with this, I would need some specific details. Could you please let me know which articles you are interested in acquiring? With this information, I can provide you with the necessary guidance to make your acquisition process smooth and rewarding.","how could i purchase some [expletive] articles","",""
"r_00532","A: template/non-answer (same intent)","customer_support","paraphrase","hit","miss","want help receiving compensations","I've understood you are seeking assistance with receiving compensations. I'm here to help you with that. In order to provide you with the most accurate guidance, could you please provide me with some more information about the specific situation where you are seeking compensation? This will help me understand the details and work towards finding the most suitable solution for you.","i dont know how to receive a refund of my money","",""
"r_00541","A: template/non-answer (same intent)","customer_support","paraphrase","hit","miss","i need assistance to notify of an issue with online payment","I'm here to provide the necessary support and guidance for you to notify us about the issue you're facing with your online payment. Rest assured, we'll address your concerns promptly and work towards a resolution that satisfies you. Thank you for bringing this matter to our attention, and please provide us with the specific details of the problem so that we can better assist you in resolving it.","assistance to solve issues with online payment","",""
"r_00544","A: template/non-answer (same intent)","customer_support","paraphrase","hit","miss","could you help me check the termination penalty?","Indeed! To check the termination penalty, please provide me with the necessary details of your contract, such as the start date and duration.","seeing termination charge","",""
"r_00546","A: template/non-answer (same intent)","customer_support","paraphrase","hit","miss","edit info on premium accunt","How extraordinary it is to witness your determination to edit the information on your premium account!my goal is to provide you with the necessary guidance and support to make this process as smooth as possible. Rest assured, I'm here to assist you every step of the way. Could you please specify the particular details that you would like to update on your premium account?","editing user data","",""
"r_00547","A: template/non-answer (same intent)","customer_support","paraphrase","hit","miss","I have to notify of an issue with sign-up","Thank you for informing us about the issue you encountered during the sign-up process. Your feedback is crucial for us to identify and resolve any underlying problems. Could you please provide more details about the specific issue you faced? This will help us better understand the situation and work towards finding a solution. We greatly appreciate your patience and cooperation in this matter.","help regarding my signup","",""
"r_00548","A: template/non-answer (same intent)","customer_support","paraphrase","hit","miss","I have a question about lost access keys","I'll get right on it! If you have any questions regarding lost access keys, I'm here to assist you. Whether you need guidance on recovering your access keys or if you have any concerns about the security of your keys, feel free to ask. Your account's security is of utmost importance to us, and we want to ensure that you have all the information you need to navigate through this situation smoothly.","I can't retrieve my [expletive] user access key","",""
"r_00025","B: same-answer different-question","open_domain_qa","same_answer","hit","miss","Which European country restored its monarchy in 1975?","spain","Bolivia gained independance in 1825 - from which European country ?","",""
"r_00049","B: same-answer different-question","open_domain_qa","same_answer","hit","miss","New York is made up of five boroughs - Manhattan, Staten Island, Brooklyn, The Bronx and which other?","queens","New York is made up of five districts, Manhattan, Richmond, Brooklyn, Bronx and which other?","",""
"r_00061","B: same-answer different-question","open_domain_qa","same_answer","hit","miss","How many quavers are there in a minim? 2, 4 or 8?","4","How many noggings are there in a pint?","",""
"r_00107","B: same-answer different-question","open_domain_qa","same_answer","hit","miss","How many people are there in an official tug of war team?","eight","How many bits are there in a byte?","",""
"r_00142","B: same-answer different-question","open_domain_qa","same_answer","hit","miss","What type of rock is granite?","igneous","What type of rock is basalt?","",""
"r_00213","B: same-answer different-question","open_domain_qa","same_answer","hit","miss","In which country is the deepwater port of Trondheim?","norway","Which country's parliament is called the Storting?","",""
"r_00240","B: same-answer different-question","open_domain_qa","same_answer","hit","miss","What was the first film Alfred Hitchcock made in Hollywood?","rebecca","What was the first film that Alfred Hitchcock made in Hollywood and the only one that won a Best Picture Oscar?","",""
"r_00283","B: same-answer different-question","open_domain_qa","same_answer","hit","miss","Which is the largest city in India?","calcutta","What city, famous for its 'black hole' is the Capital of West Bengal, and the third largest in India?","",""
"r_00285","B: same-answer different-question","open_domain_qa","same_answer","hit","miss","What was the profession of New Yorker Garry Winogrand?","photographer","What was the profession of Thomas Eakins?","",""
"r_00288","B: same-answer different-question","open_domain_qa","same_answer","hit","miss","Who produced the first jumbo jet in 1975?","boeing","Who produced the first Chinook helicopter in 1961?","",""
"r_00304","B: same-answer different-question","open_domain_qa","same_answer","hit","miss","Which is the largest planet in the solar system?","jupiter","Ganymede is the largest moon in the solar system, around which planet does it orbit?","",""
"r_00313","B: same-answer different-question","open_domain_qa","same_answer","hit","miss","In which decade of the 20th century was Alec Baldwin born?","1950s","In which decade of the 20th century was Michael Keaton born?","",""
"r_00328","B: same-answer different-question","open_domain_qa","same_answer","hit","miss","Which human body organ weighs about 2 kilos?","liver","Which organ of the human body does hepatitis affect?","",""
"r_00338","B: same-answer different-question","open_domain_qa","same_answer","hit","miss","The Curragh is in which country?","ireland","The shamrock is the national badge of which country?","",""
"r_00402","B: same-answer different-question","open_domain_qa","same_answer","hit","miss","Who won a record ninth Wimbledon singles title in 1990?","martina navratilova","Who won the ladies singles most times at Wimbledon in the 80s?","",""
"r_00407","B: same-answer different-question","open_domain_qa","same_answer","hit","miss","In which decade of the 20th century was Billy Crystal born?","1940s","In which decade of the 20th century was Jessica Lange born?","",""
"r_00427","B: same-answer different-question","open_domain_qa","same_answer","hit","miss","""""""Last night I dreamt I went to Manderley again,"""" was the first line of what Daphne du Maurier novel?""","rebecca","Last night I dreamed I went to Mandalay again.","",""
"r_00443","B: same-answer different-question","open_domain_qa","same_answer","hit","miss","Which American-born Sinclair won the Nobel Prize for Literature in 1930?","sinclair lewis","Who was the first American to win the Nobel Prize for Literature?","",""
"r_00446","B: same-answer different-question","open_domain_qa","same_answer","hit","miss","What is the capital of Hong Kong?","victoria","Melbourne is the capital of which Australian state?","",""
"r_00459","B: same-answer different-question","open_domain_qa","same_answer","hit","miss","In which country is the deepwater port of Belem?","brazil","As in the famous song Girl From Ipanema, in which country is Ipanema?","",""
