"row_id","category","prelabel","confidence","cached_query","cached_response","new_query"
"r_00017","paraphrase","hit","medium","getting invoice from last month","I'm picking up what you're putting down, your need to retrieve the invoice from last month. Allow me a moment to fetch that specific invoice for you. While I gather the details, please feel free to let me know if there's anything else I can assist you with. I'm here to ensure your complete satisfaction.","get invoices from December"
"r_00028","paraphrase","hit","medium","I ain't registered, can I create a standard account?","Thank you for your interest in creating a standard account with us! Even if you're not currently registered, you can definitely proceed with opening a standard account. Our registration process is designed to be seamless and user-friendly. To get started, all you need to do is provide some basic information. I'll be here to guide you every step of the way. Shall we begin?","I need a user"
"r_00037","paraphrase","miss","medium","question about a pass recovery","I understood that you have a question about password recovery. How may I assist you with that?","have a queston about a pin code recovery"
"r_00044","paraphrase","hit","low","I don't know hwat to do to earn several items","Thank you for expressing your interest in earning several items from us! I understand that you might be unsure about the process, but don't worry, I'm here to guide you step by step. To get started, could you please let me know which items you are interested in earning? Once I have that information, I can assist you further in achieving your goal.","want assistance purchasing some of ur product"
"r_00050","paraphrase","miss","medium","what is your customer service phone number?","Thank you for reaching out! I completely understand that you would like to know our customer service phone number. To provide you with the most accurate and up-to-date contact information, may I please know which country or region you are located in? This will help me ensure that I give you the correct phone number to reach our customer service team.","I try to talk to damn customer support"
"r_00056","paraphrase","hit","medium","help  me report signup problems","Thank you for seeking assistance in reporting signup problems. We understand how frustrating it can be to encounter issues during the signup process, and we're here to help. Could you please provide us with more details about the specific problems you're experiencing? Your feedback will assist us in resolving the issue promptly and ensuring a smoother signup experience for you and other users.","have a questoon about creating user profiles"
"r_00061","same_answer","hit","medium","How many quavers are there in a minim? 2, 4 or 8?","4","How many noggings are there in a pint?"
"r_00078","paraphrase","hit","low","I need assistance to earn an item","Thanks for dropping us a line to us with your request for assistance in acquiring an item. I'm here to provide the guidance you need to make your purchase. Could you please share more details about the specific item you are interested in earning? This information will enable me to help you navigate the process and ensure a seamless experience from start to finish.","want assistance shopping some of your product"
"r_00137","paraphrase","hit","medium","I have to see my bill, help me","I'll do my best! I'm here to assist you in viewing your bill. Could you please provide me with any relevant details such as the bill number, client name, or date range? This information will help me locate and generate your bill promptly. Rest assured, I'll guide you every step of the way to ensure you have a seamless experience.","checking invoice from last month"
"r_00183","paraphrase","hit","medium","getting invoices from last month","I completely understand your need to access invoices from last month. To retrieve the invoices from the previous month, you can go to your account dashboard and navigate to the ""Invoices"" section. From there, you'll be able to filter the invoices by date and select the desired month. If you need any further assistance or have any other questions, please feel free to let me know. I'm here to help!","getting invoice from January"
"r_00200","paraphrase","hit","medium","I have problems with the shipment methods","Oh, I'm sorry to hear that you're experiencing difficulties with our shipment methods. I'm here to assist you and find a solution to your problem. Could you please provide me with some more details about the issues you're facing? Once I have a better understanding, I'll do my best to help you resolve them and ensure your satisfaction.","assistance checking what damn shipping methods I have"
"r_00211","paraphrase","miss","medium","I cannot report problems with sign-up","We understand that you are unable to report any problems with the sign-up process. We apologize for any inconvenience this may cause. If you have any questions or need assistance with any other issues, please feel free to let us know. We are here to help ensure you have a seamless experience.","i want assistance notifying of an registration issue"
"r_00238","same_answer","miss","low","In which decade of the 20th century was James Caan born?","1930s","In which decade was Charles Schulz born?"
"r_00248","paraphrase","hit","medium","get invoice from November","Sure! I completely understand your need to obtain the invoice from November. Give me a moment while I access our system and retrieve that for you. In the meantime, feel free to let me know if there's anything else I can assist you with.","getting invoice from last month"
"r_00253","paraphrase","miss","low","i have to see ur refund policy will ya herlp me","Definitely! I understand that you would like to review our refund policy. I'll be more than happy to assist you with that. Our refund policy is designed to ensure that you have a clear understanding of the circumstances under which you might be eligible for a refund. Please allow me a moment to retrieve the details for you.","wanna see how long refunds take could ya help me"
"r_00285","same_answer","hit","low","What was the profession of New Yorker Garry Winogrand?","photographer","What was the profession of Thomas Eakins?"
"r_00339","paraphrase","hit","medium","can you help me to check the early termination charge ?","Certainly! I would be happy to assist you in checking the early termination charge. Please log in to your account and go to the ""Fees and Charges"" or ""Cancellation Policy"" section to find the information you need. If you have any further questions, feel free to ask!","withrdawal penalty"
"r_00353","paraphrase","hit","medium","wanna see how long refunds take could ya help me","I'll get right on it! I understand your curiosity about the duration of refund processing. To provide you with the most accurate information, may I please know if you're referring to refunds for a specific product or service? That way, I can guide you through the refund timeline based on your situation.","help me seeing your fucking money back policy"
"r_00427","same_answer","hit","medium","""""""Last night I dreamt I went to Manderley again,"""" was the first line of what Daphne du Maurier novel?""","rebecca","Last night I dreamed I went to Mandalay again."
"r_00441","paraphrase","hit","low","I have got to earn several items, how can I do it?","Thank you for your interest in earning several items from us! I'm here to help you with the process. To get started, could you please let me know which specific items you are interested in? Once I have that information, I can guide you through the steps to earn those items successfully.","help buying some of your product"
"r_00444","paraphrase","miss","medium","do you have an e-mail address to contact customer support?","Thanks for getting in touch! I grasp that you are looking for an email address to contact our customer support team. To provide you with the most accurate email address, could you please let me know which specific department or service you need assistance with? This will allow me to direct you to the appropriate contact information.","can you help me speaking with customer service?"
"r_00461","paraphrase","hit","medium","i dont know how to receive a refund of my money","I can tell that you're unsure about the process of receiving a refund for your money. Don't worry, I'm here to assist you every step of the way. To begin, may I ask if you made the purchase online or in-store? Knowing this information will help me guide you through the appropriate refund procedure.","where to get a rebate?"
"r_00486","near_miss_intent","hit","medium","can you help me speaking with customer service?","Thank you for reaching out! I understand your need to speak with our customer service team. I'm here to assist you in connecting with them and providing the necessary support. Could you please provide me with your contact information, such as your phone number or email address, so that I can help initiate the conversation?","uarent helpfulo talk with an operator"
"r_00491","paraphrase","hit","medium","order change","Thank you for reaching out! We understand that you need assistance with changing your order. We're here to help you with that. Could you please provide us with the order number and the specific changes you would like to make? This will allow us to process your request promptly and ensure that your order is just as you desire.","I want to add a product to my order, could I get some help?"
"r_00505","paraphrase","hit","medium","tgell me more about a shipping address update","I'll do my best! If you need to update your shipping address, you can do so by contacting our customer support team or logging into your account and accessing the ""Shipping Address"" section. From there, you can edit your current address and save the changes. If you encounter any difficulties or have any further questions, please don't hesitate to reach out to us. We're here to help!","i chose a wrong delivery address"
"r_00506","paraphrase","hit","medium","help regarding my signup","We understand that you need assistance with your signup process. We apologize for any inconvenience you may have experienced. To ensure that we fully understand your situation, could you please provide more details about the issues you are facing during the signup? Our team is here to help you overcome any obstacles and ensure a smooth signup process.","I have to notify of an issue with sign-up"
"r_00546","paraphrase","hit","medium","edit info on premium accunt","How extraordinary it is to witness your determination to edit the information on your premium account!my goal is to provide you with the necessary guidance and support to make this process as smooth as possible. Rest assured, I'm here to assist you every step of the way. Could you please specify the particular details that you would like to update on your premium account?","editing user data"
